,id,aim,results,dis.1,dis.2,dis.3,dis.4,dis.5,dis.6,measure,est.1,est.2,est.3,est.4,est.5,est.6,found.by.ref,inc.screen,inc.final,reason,inc.start,inc.stop,design,study.pop,study.site,mig.def1,mig.def2,mig.def3,mig.def4,rsn.migr,ethni,note
1,Ahmed_2007,time trends of tb co-infection hiv,association of tb co-infection hiv and non-UK region of origin,hiv,,,,,,,,,,,,,0,1,0,1,1999,2003,surveillance,,UK,1,NA,NA,NA,0,2,
2,Akkerman_2016,propose a model for tb screening,the proposed model could easily be implemented as a flexible way to screen for tb in newly arrived migrants,tb,,,,,,,,,,,,,0,0,0,3,NA,NA,commentary,,Netherlands,0,NA,NA,NA,NA,0,
3,Alawieh_2014,development of the number of cases of  leishmaniasis in Lebanon,outbreak of leishmaniasis possibly due to influx of Syrian refugees,leishmaniasis,,,,,,,,,,,,,1,1,1,NA,2001,2014,case-series,,Lebanon,2,NA,NA,NA,0,1,
4,Aldridge_2014,yield of pre-entry screening programmes for active and latent tb ,targeting high-prevalence countries and pre-entry screening should be considered,tb,,,,,,,,,,,,,0,1,1,NA,1980,2014,review,,,1,2,3,4,1,0,
5,Angeletti_2016,describe the health of 48 Syrian asylum seekers,all were negative for hbv and hcv and hiv. Several unusual gram-negative bacteria species were isolated and ESBL/CPO and MRSA bacteria were found.,hiv,hbv,hcv,,,,prev,0,0,0,,,,0,1,1,NA,2015,2015,case-series,,Italy,4,NA,NA,NA,0,0,
6,Araj_2016,incidence of new tb cases in Lebanon,the incidence were decreasing from 1999 to 2006 and increasing thereafter. The increase were mainly due to influx of Ethiopian and Syrian refugees,tb,,,,,,incid,0.0002,,,,,,0,1,1,NA,1999,2013,register based cohort,,Lebanon,1,NA,NA,NA,0,0,
7,Banfield_2012,investigate association between IGRA performance and age and co-morbidities in resettled African refugees,there was a significant and independent association of both age and number of comorbidities and IGRA performance,tb,,,,,,,,,,,,,0,0,0,3,NA,NA,,,,NA,NA,NA,NA,NA,NA,
8,Banks_2016,evaluation of hbv screening of pregnant women,high hbv prevalence among migrants and refugees ,hbv,,,,,,,,,,,,,0,0,0,2,NA,NA,,,,NA,NA,NA,NA,NA,NA,
9,Barnett_2012,describe the population and health issues in migrants that recieved health screening,most frequent diseases were ltbi and eosinophilia and hbv. Among the rare diseases were infectious tb and malaria and soil-transmitted helminths,ltbi,tb,hbv,hiv,,,prev,0.43211,0.00372,0.06378,0.00552,,,0,1,1,NA,1997,2009,surveillance,,USA,5,NA,NA,NA,0,1,
10,Bassari_2010,explore knowledge about malaria transmission and protection in a Afghan refugee population,most afghan refugees did not use nets for self-protection. ,malaria,,,,,,,,,,,,,1,0,0,3,NA,NA,,,,NA,NA,NA,NA,NA,NA,
11,Basseri_2012,characterisation of sleeping patterns among populations at risk of anopheline biting,most afghan refugees did not use nets for self-protection. ,malaria,,,,,,,,,,,,,0,0,0,3,NA,NA,,,,NA,NA,NA,NA,NA,NA,
12,Bennett_2014,prevalence of LTBI in refugees,high prevalence in refugees from sub-Saharan Africa but much less likely to initiate treatment than refugees from Middle East,ltbi,hiv,,,,,prev,0.20985,0.00069,,,,,0,1,1,NA,2010,2012,surveillance,,SanDiego,2,NA,NA,NA,0,2,Although the population is extracted from the refugee Health Electronic Information System the article does not provide information on how an individual is included in this database (WHO-guidelines?). Tests with QuantiFERON-TB Gold In-Tube
13,Birukila_2013,describe demography and hiv risk behaviour among African migrants and refugees,risk factors were unprotected sex and having several sexual partners and previous STIs and lack of voluntary hiv testing,hiv,,,,,,,,,,,,,0,1,0,4,NA,NA,,,,NA,NA,NA,NA,NA,NA,
14,Blewett_2013,examine the health literacy on TB among immigrants by global region of birth and helath insurance status,adults from asia had the lowest TB health literacy and adults from Europe the highest. Uninsured immigrants had lower TB health literacy ,tb,,,,,,,,,,,,,0,0,0,3,NA,NA,,,,NA,NA,NA,NA,NA,NA,
15,Bozorgmehr_2016,review of health status and medical care among refugees and asylum seekers in Germany,most evidence on mental health and infectious diseases. Least evidence on chronic diseases and childhood illnesses and maternity health care,several,,,,,,,,,,,,,0,1,1,NA,1990,2014,review,,Germany,2,4,NA,NA,0,0,
16,Bradby_2015,review of policies to improve health care for asylum seekers and refugees in EU,very limited evidence. Most evidence on maternity and mental illness. The nature and length of the asylum process influence health. Recomendations to improve access and to examine the heatlh effects of different phases of the asylum process,several,,,,,,,,,,,,,0,1,1,NA,NA,NA,review,,,2,4,NA,NA,0,0,
17,Burgazli_2014,prevalence of hbv among Turkish immigrants,Turkish immigrants in Germany have a higher seroprevalence of hbv than the general population in Germany,hbv,,,,,,,,,,,,,0,0,0,2,NA,NA,,,,NA,NA,NA,NA,NA,NA,
18,Camburn_2012,status of malaria cases in Auckland,36 cases of malaria in 34 patients. 11 were residents of New Zealand . 11 were refugees and 10 were migrants,malaria,,,,,,,,,,,,,0,1,0,4,NA,NA,,,,NA,NA,NA,NA,NA,NA,
19,Carten_2013,comparison of basic characteristics of foreign-born and US-born hiv patients,foreign-born were younger more were women and heterosexual and less were substance useres,hiv,,,,,,,,,,,,,0,0,0,3,NA,NA,,,,NA,NA,NA,NA,NA,NA,
20,CDC_2010,describe health profile of resettled Iraqi refugees ,14.1% had ltbi and 24.6% were obese and 15.2% had hypertension. The prevailing disease group were noninfectious,hbv,hiv,ltbi,syphilis,giardia_intestinalis,entamoeba_histolytica,prev,0.00736,0.00365,0.14056,0.02552,0.031,0.012,0,1,1,NA,2007,2009,surveillance,,USA,2,NA,NA,NA,0,1,reports on both communicable and noncommunicable diseases
21,Chemaitelly_2015,characterise HCV epidemiology in the Levant,HCV prevalence in the general population were 0.2% in Iraq and Lebanon; 0.3% in Jordan; 0.4% in Syria. Genotype 1 and 4 were dominant,hcv,,,,,,,,,,,,,1,0,0,3,NA,2015,review,,Levant,NA,NA,NA,NA,NA,NA,the study aim is not concerned with migrant populations
22,Chemtob_2015,compare pre- and post-entry tb screening of people migrating to Israel,systematic screening of active tb should be considered for migrants from high-prevalence countries to low-prevalence ,,,,,,,,,,,,,,1,0,0,3,NA,NA,commentary,,Israel,1,NA,NA,NA,0,0,a commentary to the article by Aldridge et al.
23,Clark_2007,assess the prevalence of tb and hiv and hbv in asylum seekers and refugees in UK,few studies have been conducted on the diseases of interest. Prevalence per 1000 were found to be: tb 1.33 to 10.42; hbv from 57 to 118; hiv 38.19,tb,hbv,hiv,,,,prev,,,,,,,0,1,1,NA,1985,2005,review,,UK,2,4,NA,NA,0,0,
24,Cochrane_2015,estimate hbv prevalence in a migrant population,prevalence in the study population were generally lower than that of the country of origin and lower than elsewhere reported and below the set cost effectiveness threshold for general screening. Thus only targeted screening are recommended,hbv,,,,,,,,,,,,,0,0,0,1,2006,2014,surveillance,,UK,1,NA,NA,NA,0,2,
25,Coenen_2016,describe the clinical impact of hv screening programmes for migrants from China,hbv screening in Chinese migrants may have several positive concequences,hbv,,,,,,,,,,,,,0,0,0,2,NA,NA,,,,NA,NA,NA,NA,NA,NA,
26,Contini_2012,demographic and clinical characteristics of immigrants and local hbv infected patients,most immigrants came from East Europe were younger more had hdv coinfection,hbv,,,,,,,,,,,,,0,1,1,NA,1997,2009,case-control,,Italy,0,NA,NA,NA,0,1,
27,Cookson_2015,case study of public health strategy for TB among Syrian refugees in Jordan,a high incidence rate was found. A partnership between local and international health organisations were formed with the potential to improve diagnoses and treatment,tb,,,,,,incid,0.00012,,,,,,0,1,1,NA,2014,2014,case-study,,,2,NA,NA,NA,1,1,
28,Coppola_2015,screening of undocumented immigrants for hbv hcv and hiv,both hbv hcv and hiv rates were high in most subgroups of undocumented immigrants,hbv,hcv,hiv,,,,,,,,,,,0,0,0,2,NA,NA,,,,NA,NA,NA,NA,NA,NA,
29,Dahab_2013,measure trends in hiv-related behaviour over time in a post-conflict long-term refugee camp,the prevalence of unprotected sex and having multiple partners were no different among residents in the refugee camp compared to the host population and lower than during the conflict,hiv,,,,,,,,,,,,,0,0,0,3,NA,NA,,,,NA,NA,NA,NA,NA,NA,
30,Diel_2015,examine the cost-effectiveness of preventive treatment for tb,preventive therapy of LTBI may be important in migrants from hig-prevalence regions but there is no consistent evidence for its cost-effectiveness,tb,,,,,,,,,,,,,0,0,0,2,NA,NA,review,,,0,NA,NA,NA,NA,NA,
31,DiLello_2012,prevalence of hiv-hbv coinfection,there was a low prevalence of hbv-hiv coinfection,hbv,hiv,,,,,,,,,,,,0,1,0,4,NA,NA,,,,NA,NA,NA,NA,NA,NA,
32,Drummond_2011,intervention to improve hiv knowledge,the intervention worked: an incresed knowledge of hiv and a more positive attutude toward condoms were reported,hiv,,,,,,,,,,,,,0,0,0,3,NA,NA,,,,NA,NA,NA,NA,NA,NA,
33,Dr√¶bel_2013,prevalence of malaria in resettled  pregnant women,the prevalence were 9.1%,malaria,,,,,,,,,,,,,0,0,0,2,NA,NA,,,,NA,NA,NA,NA,NA,NA,
34,ECDC_2015a,Risk of transmission of vector borne diseases following the possible introduction by migrants or travellers in areas with competent vectors in the EU/EEA. ,,malaria,leishmaniasis,schistosomiasis,louse-borne_diseases,,,,,,,,,,1,1,1,NA,NA,NA,review,,EU,1,NA,NA,NA,0,1,rapid risk assessment
35,ECDC_2015b,"The occurrence of shigellosis among refugees is not unexpected because shigellosis is endemic in the countries they originate from, as well as in some of the countries they travel through. ",,shigella,,,,,,,,,,,,,1,1,1,NA,NA,NA,review,,EU,2,NA,NA,NA,0,1,rapid risk assessment
36,ECDC_2015c,Cutaneous diphtheria is a potentialrisk factor for transmission of diphtheria.,,diphteria,,,,,,,,,,,,,1,1,1,NA,NA,NA,review,,EU,2,NA,NA,NA,0,1,rapid risk assessment
37,ECDC_2015d,The information available indicates that most of the 27 cases are likely to have been exposed to body lice infestations and louse-borne relapsing fever during their journey to Europe. ,,louse_born_relapsing_fever,,,,,,,,,,,,,1,1,1,NA,NA,NA,review,,EU,1,2,NA,NA,0,1,rapid risk assessment
38,ECDC_2009,technical report to complement and introduce the migrant health disease-specific reports. The purpose of the background note is to provide an overview of migration and infectious diseases in the EU,,tb,hiv,hbv,,,,,,,,,,,1,1,1,NA,NA,NA,review,,EU,1,NA,NA,NA,0,0,technical report
39,El-Hamad_2015,prevalence of hbv and feasibility of screening of undocumented migrants,point-of-care screening were accept by most and is very much feasible in an undocumented migrant population,hbv,,,,,,,,,,,,,0,0,0,2,NA,NA,,,,NA,NA,NA,NA,NA,NA,
40,Eonomopoulou_2016,describe common syndromes and communicable diseases and vaccination status in newly arrived migrants ,most common were respiratory infections and myalgia. tb 7.8%; hiv 0.3%; hbv 3.2; hcv 0.8%. Vaccinated against poliomyelitis 22.3%,hbv,hcv,hiv,tb,,,prev,0.0316,0.0079,0.00316,0.07774,,,0,1,1,NA,2011,2011,surveillance,,Greece,0,NA,NA,NA,0,1,
41,Evans_2015,examine misclassification of tb in a migrant population,there is much misclassification when testing potential immigrants pre-entry,tb,,,,,,,,,,,,,0,0,0,3,NA,NA,,,,NA,NA,NA,NA,NA,NA,
42,Evlampidou_2016,estimate the proportion of migrants that were tested for hbv and explore GP testing practice,only 12% of eligible were tested for hbv. Most Gps did not use guidelines to inform hbv testing in migrants,hbv,,,,,,,,,,,,,0,1,1,NA,2006,2013,cross-sectional,,UK,1,NA,NA,NA,0,1,
43,Fasano_2013,prevalence of hbv among immigrants and comparison of patient characteristics to Italian patients,immigrants were younger and predominantly female and more often inactive hbv carriers and less had genotype D. Fewer immigrants had liver morbidities and fewer recieved antiviral treatment,hbv,,,,,,,,,,,,,0,1,1,NA,2008,2008,surveillance,,Italy,0,NA,NA,NA,0,2,
44,Gacek_2013,prevalence of ltbi in refugees and proportion who completed treatment post-arrival,Only 47% and 30% started and finished treatment for ltbi respectively,tb,,,,,,,,,,,,,0,0,0,4,NA,NA,,,,NA,NA,NA,NA,NA,NA,
45,Gautret_2012,trends in travel related infections,infectious diseases is a public health concern in Europa that should be addressed with information and prophylaxis,,,,,,,,,,,,,,1,1,0,1,2008,2010,surveillance,,EU,5,NA,NA,NA,1,1,only infectious diseases
46,Greenaway_2015,"seroprevalence of HCV in migrants living in low HCV prevalence, high migrant-receiving countries",,hcv,,,,,,prev,0.019,,,,,,0,1,1,NA,NA,2014,review,,,1,2,3,4,1,2,
47,Gulland_2015,health risk to autochthonous caused by immigration,there is very limited risk of spread to the autochthonous people,,,,,,,,,,,,,,0,0,0,3,NA,NA,commentary,,,NA,NA,NA,NA,NA,NA,
48,Gurry_2015,NA,NA,NA,,,,,,,,,,,,,1,1,0,4,NA,NA,,,,NA,NA,NA,NA,NA,NA,
49,Gushulak_2004,discusses the epidemiology of infectious diseases in relation to migration from high- to low-prevalence countries,migration will have an impact on the disease epidemiology and migrants will be an increasingly important risk group. To combat these diseases a global perspective must be adopted,,,,,,,,,,,,,,1,0,0,3,NA,NA,commentary,,,1,2,NA,NA,NA,0,a general discussion on migration and infectious diseases 
50,Hargreaves_2014,test of new method to detect hiv and ltbi and hbv and hcv,only ltbi were detected more frequently with the new method. Very few migrants presented to clinics to have diagnostics,ltbi,,,,,,,,,,,,,0,1,1,NA,2013,2013,cross-sectional,,UK,1,NA,NA,NA,0,1,
51,Harstad_2010a,examine the positive and the negative predictive value of QuantiFERON-TB Gould test and tuberculin skin test in asylum seeker population,the PPV were 3.3% and the NPV were 99.8%. For tuberculin skin test the PPV were 2.3% and NPV were 99.1%,tb,,,,,,,,,,,,,0,0,0,3,NA,NA,,,,NA,NA,NA,NA,NA,NA,
52,Harstad_2010b,assess follow-up of tb screening results in an asylum seekers population,only 1% of asylum seekers with a diagnosis of ltbi recieved treatment and long delays were observed until treatment was initiated.,tb,,,,,,,,,,,,,0,1,1,NA,2005,2006,cohort,,Norway,4,NA,NA,NA,0,2,
53,Harstad_2014,intervention to improve follow-up after tb diagnosis,the intervention improved the follow-up ,tb,,,,,,,,,,,,,0,0,0,3,NA,NA,,,,NA,NA,NA,NA,NA,NA,
54,Heidrich_2014,prevalence of hbv and hcv in a migrant population,the prevalence of both hbv and hcv were around 2%. There was a lack of knowledge about transmission,hbv,hcv,,,,,prev,0.02234,0.01926,,,,,0,1,1,NA,2010,2012,cross-sectional,,Germany,0,NA,NA,NA,0,2,also includes stratification on educational level and year of immigration and family status. Includes prevalence of vaccination
55,Hollo_2016,identify patterns in country of origin and corss-border movement of TB within EU,Germany and Italy reported the most TB cases from other EU countries. Poland and Romania gave rise to the largest population of migrant TB cases within EU,tb,,,,,,,,,,,,,0,0,0,1,NA,NA,,,,NA,NA,NA,NA,NA,NA,
56,Ikram_2015,all-cause mortality and main causes of death in different migrant populations living in EU,most migrant populations had higher mortality from infectious diseases (tb and hiv). Cancer mortality generally low execpt liver and stomach cancer for specific regions. CVD and diabetes mortality in general higher.,tb,hiv,,,,,,,,,,,,0,1,1,NA,NA,NA,register based cohort,,EU,1,NA,NA,NA,0,2,very heterogenic pattern
57,Ioannis_2010,prevalence of hbv and hcv and alcoholic liver disease and nonalcoholic fatty liver disease,immigrants from EU-countries or neighbouring countries had higher prevalence of hbv and hcv infections. Immigrants from Africa and Asia had low prevalence for both,,,,hbv; hcv,,,,,,,,,,0,0,0,1,NA,NA,,,,NA,NA,NA,NA,NA,NA,
58,Janahi_2014,prevalence of hbv in Bahrain,overall prevalence was 0.58%. the prevalence was higher among immigrants from India Pakistan Bangladesh Philippines Indonesia and Ethiopia,,,,hbv,,,,,,,,,,0,0,0,2,NA,NA,,,,NA,NA,NA,NA,NA,NA,
59,Jazwa_2015,cost-benefit comparison of overseas hbv screening programmes,overseas screening is cost-effective compared to vaccination only strategy,,,,hbv,,,,,,,,,,0,0,0,3,NA,NA,,,,NA,NA,NA,NA,NA,NA,
60,Kandasamy_2014,risk of adverse obstretric and perinatal outcomes among refugee women,asylum seeker women had higher risk of delivery by Cesarian section as well as being hiv-positive; homeless and delayed access to prenatal care ,,,,hiv,,,,,,,,,,0,0,0,2,NA,NA,,,,NA,NA,NA,NA,NA,NA,
61,Karki_ 2014,evaulate screening programmes for newly arrived migrants to EU,most common screening programme for tb and for targeted populations,,,,several,,,,,,,,,,0,1,1,NA,2014,2014,survey,,EU,0,NA,NA,NA,0,0,
62,Khan_2011,prevalence of hbv among internally displaced persons in Pakistan,hbv were highly prevalent in the study population,,,,hbv,,,,,,,,,,1,0,0,2,NA,NA,,,,NA,NA,NA,NA,NA,NA,
63,Kimbrough_2012,assess tb in crisis-affected populations,there was a strong correlation between crisis in a country and the tb incidence or prevalence; equally for populations affected by crisis,,,,tb,,,,,,,,,,0,0,0,2,NA,NA,,,,NA,NA,NA,NA,NA,NA,
64,Kodmon_2016,quantify and characterise migration-related TB to EU countries,an overall increase in the percentage of migrant TB cases was driven by decrease of native TB cases. In more than half of the migrant cases the country of origin were India; Pakistan; Somalia; Morocco; Turkey; Russia; Bangladesh; Philippines,tb,,,,,,,,,,,,,0,1,1,NA,2007,2013,surveillance,,EU,1,NA,NA,NA,0,2,
65,Kowatsh-Beyer_2013,prevalence of tst-positive and degree of attendance and follow-up in a migrant population,the proportion of tst-positive were highest in refugees from Africa (53.7%) and East Asia (75%). Of 115 refugees referred to follow-up 53.1% presented to the clinic. Refugees from Near East/South Asia were least likely to attend follow-up. ,ltbi,,,,,,prev,0.45535,,,,,,0,1,1,NA,2008,2008,surveillance,,USA,2,NA,NA,NA,0,2,
66,Kruijshaar_2009,time trends in extrapulmonal tb,association of extrapulmonal tb and born outside UK,,,,,,,,,,,,,,1,1,0,1,1999,2006,surveillance,,UK,1,NA,NA,NA,0,0,
67,Kulwicki_2015,PTSD in arab refugee women,a high percentage of arab refugee women had some form of PTSD,,,,mentalHealth,,,,,,,,,,0,0,0,3,NA,NA,,,,NA,NA,NA,NA,NA,NA,
68,Ladhani_2014,prevalence of childhood chronic hbv infection,50% of cases were immigrants,,,,hbv,,,,,,,,,,0,0,0,2,NA,NA,,,,NA,NA,NA,NA,NA,NA,
69,Leslie_2010,test of hypothesis that G6PD defiency is protective against vivax malaria,G6PD is gives protection against vivax malaria infection,,,,malaria,,,,,,,,,,0,0,0,3,NA,NA,,,,NA,NA,NA,NA,NA,NA,
70,Levy_2010,prevalence of hbv and risk behaviour and vaccination among Lationo and Asian immigrants,Asian immigrants had the highest prevalence of both prior hbv infection and chronic infection. Latino immigrants had the lowest prevalence vaccination,,,,hbv,,,,,,,,,,1,0,0,2,NA,NA,,,,NA,NA,NA,NA,NA,NA,
71,Ma_2015,evaluate factors related to screening of hbv in Chinese Americans,the proposed model could be used to predict hbv screening in a Chinese American population,,,,hbv,,,,,,,,,,0,0,0,2,NA,NA,,,,NA,NA,NA,NA,NA,NA,
72,McCarthy_2013,health conditions in migrants,most common diagnoses were LTBI and tb and HBV (asian immigarnts) and hiv and malaria and schistosomiasis (african immigrants) and strongylidiasis,tb,ltbi,hiv,hbv,hcv,malaria,prev,0.10329,0.22428,0.06685,0.11862,0.04535,0.06436,0,1,1,NA,1997,2009,surveillance,,Global,5,NA,NA,NA,0,1,
73,McGrathLone_2014,STIs among female sex workers compared to general population,there was increase prevalence of some STIs in the group of sex workers. Migrant sex workers had better sexual health than native sex workers but had higher prevalence of non-STI health issues,,,,several,,,,,,,,,,0,0,0,2,NA,NA,,,,NA,NA,NA,NA,NA,NA,
74,Mendelsohn_2014,compare treatment adherence and virological outcomes among refugees and host communities,in general there were no differnce between the adherence or treatment outcome of refugees and the host communities,hiv,,,,,,,,,,,,,0,1,1,NA,2010,2010,cross-sectional,,Malaysia,2,NA,NA,NA,1,1,
75,Milinois_2010,prevalence of hbv and hcv among juvenile immigrants from Albania,the prevalence of hbv were high in the study population,,,,hbv,hcv,,,,,,,,,0,0,0,2,NA,NA,,,,NA,NA,NA,NA,NA,NA,
76,Minetti_2010,evaluation of tb programme in refugee camps,treatment outcomes depend on the programme's to respond to specific constraints,,,,tb,,,,,,,,,,0,0,0,3,NA,NA,,,,NA,NA,NA,NA,NA,NA,
77,Mockenhaupt_2016,health condition of Syrian refugees,most prevalent diseases were cutaneous leishmaniasis and tb and HBV and HCV,leishmaniasis,tb,hbv,hcv,ltbi,,prev,0.31818,0.11364,0.06818,0.02273,0.09091,,0,1,1,NA,2013,2015,surveillance,,Syria,2,NA,NA,NA,0,1,it is not clear in what stage of the migration the study population were examined: the article referes to refugees but it seems there are at least some asylum seekers in the population
78,Mor_2013,compare diagnostic delay and outcome of tb non-insured non-national immigrants with insured Israeli citizens,being migrant was associated with longer patient delay and worse therapy outcome,tb,,,,,,,,,,,,,0,1,1,NA,1998,2008,surveillance,,Israel,0,NA,NA,NA,0,0,
79,Museru_2010,prevalence of hbv in a refugee population,the overall prevalence of hbv were 10.7% Refugees contributed to 43.3% of all hbv infection positives,hbv,,,,,,prev,0.11506,,,,,,0,1,1,NA,2003,2007,surveillance,,USA,2,NA,NA,NA,0,0,
80,Newmeyer_2014,examine impact of debrifing as a strategy against burnout among mental health service providers,spirituality may both serve as protective factor and increase compassion among menatl helath service providers,,,,mentalHealth,,,,,,,,,,0,0,0,3,NA,NA,,,,NA,NA,NA,NA,NA,NA,
81,Nkulu_2010,immigrant students knowledge about tb,"many had been assessed for tb screening upon immigration but few had good understanding of tb symptoms, disease and treatment.",,,,tb,,,,,,,,,,1,0,0,3,NA,NA,,,,NA,NA,NA,NA,NA,NA,
82,Norredam_2012,compare mortality from infectious diseases among refugees and natives,higher mortality of infectious diseases among migrants compared to natives,inf_dis,,,,,,,,,,,,,0,1,1,NA,1993,1999,register based cohort,,Denmark,2,3,NA,NA,0,2,
83,Nuzzo_2015,prevalence of active tb or ltbi among immigrants with some evidence of tb or considered at high risk for developing tb,most immigrants came from Nepal and Philippines and Ethiopia. 4% were diagnosed with active tb and 53% with ltbi. Almost all recieved an completed therapy,ltbi,tb,,,,,prev,0.52778,,,,,,0,1,0,2,2010,2012,surveillance,,USA,2,NA,NA,NA,0,1,
84,Obol_2013,factors associated with the use of insecticide treated nets among pregnant women in a camp for internally displaced persons,only 35% of pregnant women had used the nets. Factors associated with the use were knowledge about the nets and willingsness to purchase one. Adverse factors were divorce/widow/single and hours taken to reach helath centre,,,,malaria,,,,,,,,,,0,0,0,3,NA,NA,,,,NA,NA,NA,NA,NA,NA,
85,Odone_2014,burden of tb in EU,25% of tb cases in 2010 in migrants (range: 0.2% to 85.5%); although decrease in general pop. this is not reflected in migrant subpop. (six countries are execptions); native-tb-cases and migrant-tb-cases differ in SES,tb,,,,,,,,,,,,,0,1,1,NA,NA,2012,review & surveillance,,EU,1,NA,NA,NA,0,1,discussion about path of transmission in migrants vs natives
86,Padovese_2013,assess demographics and burden of disease in migrants living in Maltese open centres,most had spend many years in transit before arrival; few infectious diseases; a small number developed active tb while in the centre; ,tb,hiv,,,,,prev,0.00993,0.00406,,,,,0,1,1,NA,2010,2011,surveillance,,Malta,2,4,NA,NA,0,0,low mirbidity burden but social inequalities migration process itself put the health physical mental and social well-being at risk. Especially in hosting and transit countries migrants health is often threatened
87,Pareek_2016,tb burden in low-prevalence countries; different screening methodsincl. cost-eff.,tb usually seen in migrant pop. caused by interaction and reactivation; little transmition to reciving country; common: screening for active tb; increasingly LTBI from high-prev. countries,tb,,,,,,,,,,,,,0,1,1,NA,NA,2014,review,,,0,NA,NA,NA,0,1,dsicussion about active vs latent tb and cost-eff. of each
88,Patel_2014,describe hiv in young people living in post-crisis transit camps,hiv prevalence among women were 15.6% and associated with practicing dry sex and 9.9% among males and associated with non-consensual sexual debut,hiv,,,,,,,,,,,,,0,1,0,2,2010,2010,cross-sectional,,Uganda,NA,NA,NA,NA,NA,NA,
89,Paulino_2016,identify risk factors for TB among native- and foregin-born patients + barriers to management of foreign cases,risk factors differed between native and foreign born. The outcome and time to diagnoses were similar. Most important barrieres were language and fear of deporatation,tb,,,,,,,,,,,,,0,1,1,NA,2008,2012,surveillance,,Portugal,1,NA,NA,NA,0,2,
90,Pavlopoulou_2013,immunisation coverage among children,overall immunisation coverage of traditional vaccines were above 90%. Administration of boosters were delayed. Immigrant status were associated with risk of incomplete and delayed vaccination amongst other for hbv,hbv,,,,,,,,,,,,,0,1,0,1,2010,2011,cross-sectional,,Greece,0,NA,NA,NA,0,1,
91,PerezMolina_2011,describe characteristics and indications for treatment of chronic hbv in a cohort of immigrants,the prevalence of chronic hbv infection were 10.6%. There was an association with sub-Sahran Africa country of birth,hbv,,,,,,,,,,,,,0,1,1,NA,1989,2008,case-control,,Spain,0,NA,NA,NA,0,2,
92,Piccolo_2010,prevalence of hbv in Central Italy,because of increased immigration to EU countries an increase in the prevalence of hbv can be inspected,hbv,,,,,,,,,,,,,0,0,0,1,NA,NA,,,,NA,NA,NA,NA,NA,NA,
93,Pollack_2011,intervention to provide community education on hbv infection,the programme may serve as a useful prototype,hbv,,,,,,,,,,,,,0,0,0,3,NA,NA,,,,NA,NA,NA,NA,NA,NA,
94,Pollack_2014,prevalence of hbv and liver cancer in Asian immigrants,Asian immigrants in New York have increased hbv prevalence and are at risk of liver cancer ,hbv,,,,,,,,,,,,,0,0,0,2,NA,NA,,,,NA,NA,NA,NA,NA,NA,
95,Raisanen_2015,tb epidemiology in immigrants,compared to native cases immigrant tb cases were younger; more likely to be female; more likely to have extrapulmonary tb; more likely to have multidrug resistent tb. Most common country of origin were Somalia and Russia.,tb,,,,,,incid,0.00029,,,,,,0,1,1,NA,1995,2013,surveillance,,Finland,0,NA,NA,NA,0,1,
96,Rex_2012,prevalence of hbv and hdv and hcv in Greenlanders in Denmark and in Greenland,there were no difference in the occurence,,,,hbv; hcv,,,,,,,,,,0,0,0,2,NA,NA,,,,NA,NA,NA,NA,NA,NA,
97,Rossi_2012,identify groups of high risk of HBV infection to guide control strategies in immigrant-receiving countries,high seroprevalence of chronic HBV in migrants from most world regions.,hbv,,,,,,prev,0.072,,,,,,0,1,1,NA,NA,2011,review,,,1,2,4,NA,1,2,discusses targeted vaccination of migrants to control HBV
98,Rossi_2013,cost-effectiveness analysis of hbv screening and vaccination in migrant populations,screening was cost-effective in migrants from high prevalence countries. Thus screening was not cost-effective in migrants from Middle East or Latin America,,,,hbv,,,,,,,,,,0,0,0,3,NA,NA,cost-effecitveness,,Canada,NA,NA,NA,NA,NA,NA,
99,Rungan_2013,health of refugee children less than 5 years of age,most common infection were ltbi and parasitic infection (15%). 50% and 59% were immune to rubella and measles,,,,child,,,,,,,,,,0,1,1,NA,2007,2011,surveillance,,New Zealand,2,NA,NA,NA,1,2,
100,Sarivalasis_2012,factors associated with ltbi,factors associated with ltbi were country of origin and travel conditions and marital status and cough and age and prior tb exposure,tb,ltbi,,,,,prev,0.01272,0.23664,,,,,0,1,1,NA,2009,2010,cross-sectional,,Switzerland,4,NA,NA,NA,0,2,
101,Sarivalasis_2013,evaluate the completion of treatment of tb in immigrant population,it may be possible to obtain high completion rate of treatment by following several recommendations,,,,tb,,,,,,,,,,0,0,0,3,NA,NA,,,,NA,NA,NA,NA,NA,NA,
102,SchneebergerGeisler_2010,comparison of x-ray and interview in detecting tb. ,for x-ray: sensitivity of 100% and specificity of 89.9%. For interview: sensitivity of 55% and specificity of 96% If effectiveness is the main objective x-ray is the best tool. However interview has advantages in flexibility and cost and the burden for both patient and health care system,tb,,,,,,prev,0.00124,,,,,,0,1,1,NA,2004,2008,cross-sectional,,Switzerland,4,NA,NA,NA,0,0,Also reports prevalence of tb in the population
103,Simpson_2013,prevalence of ltbi in migrant population,in total 24% of immigrants had positive QFT-IT with highest prevalences among migrants from Liberia and Bhutan and Burma,ltbi,,,,,,prev,0.23660,,,,,,0,1,1,NA,2008,2009,surveillance,,USA,1,2,NA,NA,0,1,places immigrants into categories according to the prevalence in the general population in the country of birth
104,Stauffer_2012,prevalence of syphilis and chlamydia and gonorrhea and hiv,overall prevalence for syphilis were 1.1% and for chlamydia 0.6% and for gonorrhea 0.2% and for hiv 2.0%. For co-infections the prevalence were 0.1%,syphilis,chlamydia,gonorrhea,hiv,,,prev,0.01062,0.00597,0.00208,0.02010,,,0,1,1,NA,2003,2010,surveillance,,USA,2,NA,NA,NA,0,2,
105,Subedi_2015,comparison of two programmes for diagnosis and follow-up,2.7% of refugees were confirmed with ltbi and none with active tb,,,,tb,,,,,,,,,,0,0,0,3,2010,2012,register based cohort,,USA,2,NA,NA,NA,0,1,
106,Tafuri_2010,prevalence of hbv and hcv and hiv and syphilis among refugees,the prevalence of hbv were 8.3% and of hcv 4.5% and of hiv 1.5% and of syphilis < 1.5%,hbv,hcv,hiv,syphilis,,,prev,0.08318,0.04537,0.01512,0.01487,,,0,1,1,NA,2008,2008,surveillance,,Italy,4,NA,NA,NA,0,2,
107,Taylor_2011,evaluation of hbv educational programme to Asian immigrants,the educational programme showed effect on the knowledge of hbv but limited effect on the testing levels,,,,hbv,,,,,,,,,,0,0,0,3,NA,NA,,,,NA,NA,NA,NA,NA,NA,
108,Tramuto_2012,prevalence of hbv and hcv and hiv in a migrant population,the prevalence of hbv were 10.7% and of hcv 5.6% and of hiv 4%,,,,hbv,hcv,hiv,,,,,,,,0,0,0,1,2006,2010,surveillance,,Italy,0,NA,NA,NA,0,2,twin-study to Tramuto 2013
109,Tramuto_2013,prevalence of hbv and hcv and hiv in a migrant population,the prevalence of hbv infection (any marker) were 23.6% and of hcv 5.6% and of hiv 4.6% ,,,,hbv,hcv,hiv,,,,,,,,0,0,0,1,2006,2010,surveillance,,Italy,0,NA,NA,NA,0,2,twin-study to Tramuto 2012
110,Trauer_2011,prevalence of ltbi in refugees and rates of treatment acceptance and completion,31.9% had ltbi. Old age and male sex and Eastern Mediterranean region of birth were associated with increased risk. Of 146 diagnosed with ltbi 121 were offered treatment and 93 accepted. 10 did not show for follow-up and 15 were not offered treatment. Only 44.1% (41) completed treatment,ltbi,,,,,,prev,0.31878,,,,,,0,1,1,NA,2006,2009,surveillance,,Australia,2,NA,NA,NA,0,2,
111,Trovato_2016,assess the demography and clinical status of migrants arriving after travel over sea,great differences between migrants from Africa and from near East; CVD and diabetes were common in Near Easterns; skin disease had high prevalence in migrants from Africa; Migrants attributed their symptomps to the journey,,,,several,,,,,,,,,,0,1,1,NA,2014,2014,surveillance,,Italy,0,NA,NA,NA,0,2,no public health risk were detected
112,Turnour_2011,prevalence of hbv infection and evaluation of a method for evaluating hbv infection distribution,the overall hbv infection prevalence were 2.3%,,,,hbv,,,,,,,,,,1,0,0,3,NA,NA,,,,NA,NA,NA,NA,NA,NA,
113,vanderVeen_2014,socio-cognitive and socio-cultural determinants for hbv screening,relevant socio-cultural belifs were shame stigma the association of screening with sexuality and family values,,,,hbv,,,,,,,,,,0,0,0,3,NA,NA,,,,NA,NA,NA,NA,NA,NA,
114,Varughese_2013,estimate effect of screening and treatment of LTBI of selected immigrants,screening and treatment of LTBI in immigrants from high TB incidence countries is the most effective strategy,,,,tb,,,,,,,,,,0,1,1,NA,1986,2002,modelling study,,Canada,0,NA,NA,NA,0,0,
115,Villano_2015,molecular biology of hbv in chronically infected migrant population,migrants are likely to be infected pre-migration,,,,hbv,,,,,,,,,,0,0,0,2,NA,NA,,,,NA,NA,NA,NA,NA,NA,
116,Vries_2016,report of 12 cases of tb in asylum seekers from low incidence countries  arriving to Netherlands in 2015,7 cases from Syria; 3 from Iraq; 1 from Bosnia; 1 from Macedonia,tb,,,,,,prev,0.00026,,,,,,1,0,0,3,NA,NA,commentary,,,NA,NA,NA,NA,NA,NA,
117,Wagner_2013,time trend of malaria and tb and hiv and enteric fever,country of birth is a risk factor for infection,,,,,,,,,,,,,,0,1,0,1,2001,2014,surveillance,,UK,1,NA,NA,NA,0,2,associates migrant waves with prevalence of infectious diseases
118,Wallace_2015,cause of death and comp. risk in migrants vs. native. Confirming immigrant health transition theory,low all-cause mortality among immigrants driven by lower mortality from chronic diseases,inf_dis,,,,,,,,,,,,,0,1,1,NA,1971,2012,register based cohort,,UK,1,NA,NA,NA,0,1,"concludes on the immigrant helath transition proposed in Spallek 2011 but have no data on length of stay in country of resid.  or type of immigrant (refugee, labour migrant etc) "
119,Weinfurter_2011,compare QuantiFERON-TB Gold and tuberculin test among foreign-born and homeless and hiv infected and drug abuse persons in testing for ltbi,QuantiFERON-TB may improve diagnostics of ltbi in foreign-born and older persons and may be at par with tuberculin skin test in hiv-infected,,,,tb,,,,,,,,,,0,0,0,3,NA,NA,,,,NA,NA,NA,NA,NA,NA,
120,Wendland_2016,access to health care for pregnent women comparison between undocumented migrants and Danish residents,undocumented migrants have limited access compared to Danish residents,,,,hbv,,,,,,,,,,0,0,0,2,NA,NA,,,,NA,NA,NA,NA,NA,NA,
121,White_2014,editorial on how to address TB and LTBI in high incidence  countries,screening of all immigrants from moderate to high incidence countries may be the most cost-effective option,,,,tb,,,,,,,,,,0,0,0,3,NA,NA,,,,NA,NA,NA,NA,NA,NA,editorial
122,Wieland_2013,design and evaluate tb education video,adult education centres may be used as location for tb education,,,,tb,,,,,,,,,,0,0,0,3,NA,NA,,,,NA,NA,NA,NA,NA,NA,
123,Williams_2011,evaluation of screening and vaccination programmes,there is a need for health departments to support doctors' delivery of screening and vaccination to people at high risk of hbv infection,,,,hbv,,,,,,,,,,1,0,0,3,NA,NA,,,,NA,NA,NA,NA,NA,NA,
124,Winston_2013,long term clinical outcomes in hiv infected refugees compared to nonrefugees,refugees were less adherent beyond year 3 after diagnosis. Refugees had higher odds of viremia following undetected viral loads,,,,hiv,,,,,,,,,,0,0,0,3,NA,NA,,,,NA,NA,NA,NA,NA,NA,
125,Wong_2013,burden of chronic hbv infection among immigrants,chronic hbv infected lost 4.6 life years on avarage at baseline and had an increased lifetime medical cost of 24249 canadian dollars as well as a range of liver ralated morbidities,,,,hbv,,,,,,,,,,0,1,0,1,2006,NA,cohort,,Canada,1,NA,NA,NA,0,0,estimates the prevalence of chronic hbv infection in the immigrant population by multiplying the number of immigrants from a specific country with the prevalence in that country
126,Woodward_2014,explores associations between knowledge of hiv and hiv-avoidant behaviour,reasons for hiv risk behaviour may be context specific,,,,hiv,,,,,,,,,,0,0,0,3,NA,NA,,,,NA,NA,NA,NA,NA,NA,
127,Xiong_2013,knowledge and behaviors towards hbv and hbv vaccine in an immigrant population,around half of participants did not know about hbv or its transmission,,,,hbv,,,,,,,,,,0,0,0,3,NA,NA,,,,NA,NA,NA,NA,NA,NA,
